ticker,company,sector,price,pe_ratio,price_to_book,roe_pct,net_margin_pct,interest_cover,dividend_yield_pct,dividend_years,payout_ratio_pct,return_3m_pct,return_12m_pct,earnings_growth_pct,revenue_growth_pct,avg_daily_value_kes,zero_volume_days_pct,volatility_pct,max_drawdown_pct,data_completeness_pct,governance_flag
ALPHA,Alpha Bank Demo,Banking,44.5,5.8,1.0,20.0,22.0,5.0,7.2,5,48,8,24,16,12,25000000,1,20,18,98,0
BETA,Beta Consumer Demo,Other,31.2,10.2,1.6,18.5,14.0,7.0,4.8,5,55,5,16,12,10,6200000,3,24,22,96,0
GAMMA,Gamma Energy Demo,Other,18.4,8.5,1.2,14.0,11.0,3.0,8.1,5,82,-3,8,4,6,8500000,2,28,26,94,0
DELTA,Delta Insurance Demo,Insurance,7.9,7.4,0.9,16.0,10.0,4.0,5.5,4,50,12,28,21,15,1800000,6,30,25,92,0
EPSI,Epsilon Industrial Demo,Other,52.0,18.0,2.7,11.0,6.0,1.4,1.5,2,70,-11,-18,-24,-12,65000,38,52,48,90,0
ZETA,Zeta Holdings Demo,Other,12.3,9.1,1.4,17.0,13.0,6.0,6.0,5,52,1,10,8,9,420000,14,27,24,72,0
ETA,Eta Telecom Demo,Other,25.7,12.5,2.0,24.0,19.0,8.0,6.8,5,78,14,32,20,14,65000000,0,25,21,99,0
THETA,Theta Properties Demo,Other,4.2,6.0,0.5,7.0,25.0,2.0,3.0,1,35,20,45,6,4,45000,46,58,60,82,1

