ticker,company,sector,match_status,match_score,cma_company,cma_company_page,report_year,report_url,checked_on,notes
KE0000000281,Kakuzi Ord.5.00,Agricultural,MATCHED,100.0,Kakuzi,https://annualreport.cma.or.ke/company/1/company/2/,2025,https://annualreport.cma.or.ke/media/AGRICULTURAL/Kakuzi/documents/2025.pdf,2026-09-27,Sent to review queue (LOW; 4 points)
KE0000000430,Sasini Ltd Ord 1.00,Agricultural,MATCHED,69.5,Sasini Tea Ltd,https://annualreport.cma.or.ke/company/1/company/6/,2025,https://annualreport.cma.or.ke/media/AGRICULTURAL/Sasini%20Tea%20Ltd/documents/2025.pdf,2026-09-27,Sent to review queue (MEDIUM; 7 points)
KE0000000208,Eaagads Ltd Ord 1.25,Agricultural,MATCHED,100.0,Eaagads,https://annualreport.cma.or.ke/company/1/company/1/,2025,https://annualreport.cma.or.ke/media/AGRICULTURAL/Eaagads/documents/2025.pdf,2026-09-27,Auto-accepted extraction (10 confidence points)
KE0000000505,Williamson Tea Kenya Ltd Ord 5.00,Agricultural,MATCHED,100.0,Williamson Tea Kenya Ltd,https://annualreport.cma.or.ke/company/1/company/7/,2025,https://annualreport.cma.or.ke/media/AGRICULTURAL/Williamson%20Tea%20Kenya%20Ltd/documents/2025.pdf,2026-09-27,PDF has little/no extractable text; possible scanned report
KE4000001760,Kapchorua Tea Co. Ltd Ord Ord 5.00,Agricultural,MATCHED,100.0,Kapchorua Tea,https://annualreport.cma.or.ke/company/1/company/3/,2025,https://annualreport.cma.or.ke/media/AGRICULTURAL/Kapchorua%20Tea/documents/2025.pdf,2026-09-27,PDF has little/no extractable text; possible scanned report
KE0000000356,Limuru Tea Co. Ltd Ord 20.00,Agricultural,MATCHED,100.0,Limuru Tea,https://annualreport.cma.or.ke/company/1/company/4/,2022,https://annualreport.cma.or.ke/media/AGRICULTURAL/Limuru%20Tea/documents/2022.pdf,2026-09-27,Sent to review queue (MEDIUM; 8 points)
KE4000001216,Kurwitu Ventures,Investment,MATCHED,100.0,Kurwitu Ventures Ltd,https://annualreport.cma.or.ke/company/9/company/49/,2022,https://annualreport.cma.or.ke/media/INVESTMENT/Kurwitu%20Ventures%20Ltd/documents/2022.PDF,2026-09-27,PDF has little/no extractable text; possible scanned report
KE0000000265,Centum Investment Co Ltd Ord 0.50,Investment,MATCHED,100.0,Centum Investment Co Ltd,https://annualreport.cma.or.ke/company/9/company/47/,2022,https://annualreport.cma.or.ke/media/INVESTMENT/Centum%20Investment%20Co%20Ltd/documents/2022.pdf,2026-09-27,Sent to review queue (MEDIUM; 8 points)
KE0000000166,Olympia Capital Holdings ltd Ord 5.00,Investment,MATCHED,100.0,Olympia Capital Holdings,https://annualreport.cma.or.ke/company/9/company/50/,2022,https://annualreport.cma.or.ke/media/INVESTMENT/Olympia%20Capital%20Holdings/documents/2022.pdf,2026-09-27,PDF has little/no extractable text; possible scanned report
KE2000007258,Home Afrika Ltd Ord 1.00,Investment,MATCHED,100.0,Home Afrika Ltd,https://annualreport.cma.or.ke/company/9/company/48/,2022,https://annualreport.cma.or.ke/media/INVESTMENT/Home%20Afrika%20Ltd/documents/2022.pdf,2026-09-27,Sent to review queue (LOW; 5 points)
KE2000002184,Trans-Century Ltd Ord 0.50,Investment,MATCHED,100.0,Trans-Century Ltd,https://annualreport.cma.or.ke/company/9/company/51/,2020,https://annualreport.cma.or.ke/media/INVESTMENT/Trans-Century%20Ltd/documents/2020.pdf,2026-09-27,Sent to review queue (MEDIUM; 6 points)
KE0000000224,Express Ltd Ord 5.00,Commercial,UNMATCHED,20.5,Flame Tree Group Holdings Ltd,https://annualreport.cma.or.ke/company/11/company/59/,,,2026-09-27,No sufficiently strong CMA company match
KE0000000307,Kenya Airways Ltd Ord 5.00,Commercial,UNMATCHED,24.9,Eaagads,https://annualreport.cma.or.ke/company/1/company/1/,,,2026-09-27,No sufficiently strong CMA company match
KE0000000380,Nation Media Group Ord. 2.50,Commercial,UNMATCHED,26.8,Williamson Tea Kenya Ltd,https://annualreport.cma.or.ke/company/1/company/7/,,,2026-09-27,No sufficiently strong CMA company match
KE0000000562,Scangroup Ltd Ord 1.00,Commercial,UNMATCHED,24.2,Car and General,https://annualreport.cma.or.ke/company/3/company/8/,,,2026-09-27,No sufficiently strong CMA company match
KE0000000455,Standard Group Ltd Ord 5.00,Commercial,UNMATCHED,33.1,Sanlam Kenya Plc,https://annualreport.cma.or.ke/company/14/company/70/,,,2026-09-27,No sufficiently strong CMA company match
KE0000000539,TPS Eastern Africa (Serena) Plc Ord 1.00,Commercial,UNMATCHED,40.0,Sameer Africa Ltd,https://annualreport.cma.or.ke/company/3/company/10/,,,2026-09-27,No sufficiently strong CMA company match
KE0000000489,Uchumi Supermarket Ltd Ord 5.00,Commercial,UNMATCHED,30.9,Mumias Sugar Co.Ltd,https://annualreport.cma.or.ke/company/11/company/61/,,,2026-09-27,No sufficiently strong CMA company match
KE0000000588,Eveready East Africa Ltd Ord.1.00,Commercial,MATCHED,100.0,Eveready East Africa,https://annualreport.cma.or.ke/company/11/company/58/,2022,https://annualreport.cma.or.ke/media/MANUFACTURING%20AND%20ALLIED/Eveready%20East%20Africa/documents/2022.pdf,2026-09-27,PDF has little/no extractable text; possible scanned report
KE0000000232,Sameer Africa Ltd Ord 5.00,Commercial,MATCHED,100.0,Sameer Africa Ltd,https://annualreport.cma.or.ke/company/3/company/10/,2025,https://annualreport.cma.or.ke/media/AUTOMOBILES%20AND%20ACCESSORIES/Sameer%20Africa%20Ltd/documents/2025.pdf,2026-09-27,Auto-accepted extraction (12 confidence points)
KE2000002275,Longhorn Kenya Ltd 1.00,Commercial,UNMATCHED,24.9,KenGen Ltd,https://annualreport.cma.or.ke/company/7/company/41/,,,2026-09-27,No sufficiently strong CMA company match
KE5000005438,Deacons (East Africa) Plc Ord 2.50,Commercial,MATCHED,57.6,Eveready East Africa,https://annualreport.cma.or.ke/company/11/company/58/,2022,https://annualreport.cma.or.ke/media/MANUFACTURING%20AND%20ALLIED/Eveready%20East%20Africa/documents/2022.pdf,2026-09-27,PDF has little/no extractable text; possible scanned report
KE5000000090,Nairobi Business Ventures Ltd,Commercial,UNMATCHED,42.1,Nairobi Securities Exchange,https://annualreport.cma.or.ke/company/10/company/52/,,,2026-09-27,No sufficiently strong CMA company match
KE7000001433,Homeboyz Entertainment Plc,Commercial,UNMATCHED,26.8,Centum Investment Co Ltd,https://annualreport.cma.or.ke/company/9/company/47/,,,2026-09-27,No sufficiently strong CMA company match
KE0000000091,Stanbic Holdings Ltd ord.5.00,Banking,UNMATCHED,29.0,Safaricom Ltd,https://annualreport.cma.or.ke/company/13/company/64/,,,2026-09-27,No sufficiently strong CMA company match
KE0000000158,Diamond Trust Bank Kenya Ltd Ord 4.00,Banking,UNMATCHED,29.0,Williamson Tea Kenya Ltd,https://annualreport.cma.or.ke/company/1/company/7/,,,2026-09-27,No sufficiently strong CMA company match
KE0000000554,Equity Bank Ltd Ord 0.50,Banking,UNMATCHED,23.2,A.Baumann CO Ltd,https://annualreport.cma.or.ke/company/11/company/53/,,,2026-09-27,No sufficiently strong CMA company match
KE0000000315,Kenya Commercial Bank Ltd Ord 1.00,Banking,UNMATCHED,26.8,Home Afrika Ltd,https://annualreport.cma.or.ke/company/9/company/48/,,,2026-09-27,No sufficiently strong CMA company match
KE0000000398,National Bank of Kenya Ltd Ord 5.00,Banking,UNMATCHED,23.2,A.Baumann CO Ltd,https://annualreport.cma.or.ke/company/11/company/53/,,,2026-09-27,No sufficiently strong CMA company match
KE0000000406,NCBA Ltd 0rd 5.00,Banking,UNMATCHED,29.0,Unga Group Ltd,https://annualreport.cma.or.ke/company/11/company/62/,,,2026-09-27,No sufficiently strong CMA company match
KE0000000448,Standard Chartered Bank Ltd Ord 5.00,Banking,UNMATCHED,26.4,STANLIB FAHARI I-REIT,https://annualreport.cma.or.ke/company/12/company/63/,,,2026-09-27,No sufficiently strong CMA company match
KE1000001568,The Co-operative Bank of Kenya Ltd Ord 1.00,Banking,UNMATCHED,23.9,Athi River Mining Plc,https://annualreport.cma.or.ke/company/6/company/36/,,,2026-09-27,No sufficiently strong CMA company match
KE0000000125,IMH Holdings Ltd Ord 1.00,Banking,UNMATCHED,32.8,Car and General,https://annualreport.cma.or.ke/company/3/company/8/,,,2026-09-27,No sufficiently strong CMA company match
KE5000008986,Bank of Kigali,Banking,UNMATCHED,24.4,B.O.C Kenya Ltd,https://annualreport.cma.or.ke/company/11/company/54/,,,2026-09-27,No sufficiently strong CMA company match
KE0000000067,ABSA Bank Kenya Plc Ord 0.50,Banking,UNMATCHED,40.5,BARCLAYS NEW GOLD ETF,https://annualreport.cma.or.ke/company/8/company/46/,,,2026-09-27,No sufficiently strong CMA company match
KE9930006987,FAMILY BANK LIMITED,Banking,UNMATCHED,29.0,A.Baumann CO Ltd,https://annualreport.cma.or.ke/company/11/company/53/,,,2026-09-27,No sufficiently strong CMA company match
KE0000000240,HFCB Group Plc,Banking,UNMATCHED,24.9,CIC Insurance Group,https://annualreport.cma.or.ke/company/14/company/66/,,,2026-09-27,No sufficiently strong CMA company match
KE0000000034,Athi River Mining Ord 5.00,Construction,MATCHED,100.0,Athi River Mining Plc,https://annualreport.cma.or.ke/company/6/company/36/,2017,https://annualreport.cma.or.ke/media/CONSTRUCTION%20AND%20ALLIED/Athi%20River%20Mining%20Plc/documents/2017.pdf,2026-09-27,Sent to review queue (LOW; 3 points)
KE0000000059,Bamburi Cement Ltd Ord 5.00,Construction,MATCHED,100.0,Bamburi Cement Ltd,https://annualreport.cma.or.ke/company/6/company/37/,2022,https://annualreport.cma.or.ke/media/CONSTRUCTION%20AND%20ALLIED/Bamburi%20Cement%20Ltd/documents/2022.pdf,2026-09-27,Auto-accepted extraction (10 confidence points)
KE0000000141,Crown Berger Ltd 0rd 5.00,Construction,UNMATCHED,39.7,Crown Paints Kenya Plc,https://annualreport.cma.or.ke/company/6/company/38/,,,2026-09-27,No sufficiently strong CMA company match
KE0000000174,E.A.Cables Ltd Ord 0.50,Construction,UNMATCHED,46.4,East African cables Ltd,https://annualreport.cma.or.ke/company/6/company/39/,,,2026-09-27,No sufficiently strong CMA company match
KE0000000190,E.A.Portland Cement Ltd Ord 5.00,Construction,MATCHED,57.6,East African Portland Cement Co.Ltd,https://annualreport.cma.or.ke/company/6/company/40/,2023,https://annualreport.cma.or.ke/media/CONSTRUCTION%20AND%20ALLIED/East%20African%20Portland%20Cement%20Co.Ltd/documents/2023.pdf,2026-09-27,Sent to review queue (MEDIUM; 9 points)
KE0000000273,Jubilee Holdings Ltd Ord 5.00,Insurance,MATCHED,100.0,Jubilee Holdings,https://annualreport.cma.or.ke/company/14/company/67/,2022,https://annualreport.cma.or.ke/media/INSURANCE/Jubilee%20Holdings/documents/2022.pdf,2026-09-27,Auto-accepted extraction (10 confidence points)
KE0000000604,Kenya Re-Insurance Corporation Ltd Ord 2.50,Insurance,MATCHED,100.0,Kenya Re-Insurance Corporation,https://annualreport.cma.or.ke/company/14/company/68/,2022,https://annualreport.cma.or.ke/media/INSURANCE/Kenya%20Re-Insurance%20Corporation/documents/2022.pdf,2026-09-27,Sent to review queue (MEDIUM; 6 points)
KE0000000414,Sanlam Insurance Holdings Ltd 0rd 5.00,Insurance,MATCHED,57.6,Sanlam Kenya Plc,https://annualreport.cma.or.ke/company/14/company/70/,2022,https://annualreport.cma.or.ke/media/INSURANCE/Sanlam%20Kenya%20Plc/documents/2022.pdf,2026-09-27,Sent to review queue (LOW; 5 points)
KE2000002317,CIC Insurance Group Plc Ord 1.00,Insurance,MATCHED,100.0,CIC Insurance Group,https://annualreport.cma.or.ke/company/14/company/66/,2022,https://annualreport.cma.or.ke/media/INSURANCE/CIC%20Insurance%20Group/documents/2022.pdf,2026-09-27,Auto-accepted extraction (10 confidence points)
KE2000002168,Liberty Insurance,Insurance,MATCHED,59.8,Liberty Kenya Holdings,https://annualreport.cma.or.ke/company/14/company/69/,2022,https://annualreport.cma.or.ke/media/INSURANCE/Liberty%20Kenya%20Holdings/documents/2022.pdf,2026-09-27,PDF has little/no extractable text; possible scanned report
KE2000002192,British-American Investments Ord 0.10,Insurance,MATCHED,100.0,Britam Holdings Plc,https://annualreport.cma.or.ke/company/14/company/65/,2022,https://annualreport.cma.or.ke/media/INSURANCE/Britam%20Holdings%20Plc/documents/2022.pdf,2026-09-27,Sent to review queue (MEDIUM; 9 points)
KE9100008870,Laptrust Imara I-REIT,Real Estate,UNMATCHED,43.8,STANLIB FAHARI I-REIT,https://annualreport.cma.or.ke/company/12/company/63/,,,2026-09-27,No sufficiently strong CMA company match
KE9900006322,ALP Industrial I-REIT,Real Estate,UNMATCHED,41.0,STANLIB FAHARI I-REIT,https://annualreport.cma.or.ke/company/12/company/63/,,,2026-09-27,No sufficiently strong CMA company match
KE9930007092,TRIFIC Green USD IREIT,Real Estate,UNMATCHED,24.3,STANLIB FAHARI I-REIT,https://annualreport.cma.or.ke/company/12/company/63/,,,2026-09-27,No sufficiently strong CMA company match
ZAE000060067,New Gold Issuer (RP) Ltd,ETF,UNMATCHED,45.4,BARCLAYS NEW GOLD ETF,https://annualreport.cma.or.ke/company/8/company/46/,,,2026-09-27,No sufficiently strong CMA company match
ZAE000246104,Satrix MSCI World Feeder ETF,ETF,UNMATCHED,27.7,BARCLAYS NEW GOLD ETF,https://annualreport.cma.or.ke/company/8/company/46/,,,2026-09-27,No sufficiently strong CMA company match
UG0000001145,Umeme Ltd Ord 0.50,Energy,MATCHED,100.0,Umeme Ltd,https://annualreport.cma.or.ke/company/7/company/45/,2022,https://annualreport.cma.or.ke/media/ENERGY%20AND%20PETROLEUM/Umeme%20Ltd/documents/2022.pdf,2026-09-27,Auto-accepted extraction (11 confidence points)
KE0000000547,KenGen Ltd Ord. 2.50,Energy,MATCHED,100.0,KenGen Ltd,https://annualreport.cma.or.ke/company/7/company/41/,2022,https://annualreport.cma.or.ke/media/ENERGY%20AND%20PETROLEUM/KenGen%20Ltd/documents/2022.PDF,2026-09-27,PDF has little/no extractable text; possible scanned report
KE0000000349,Kenya Power Lighting Co Plc Ord 20.00,Energy,UNMATCHED,45.9,Kenya Power & Lighting Co Ltd,https://annualreport.cma.or.ke/company/7/company/43/,,,2026-09-27,No sufficiently strong CMA company match
KE0000000463,Total Kenya Ltd Ord 5.00,Energy,MATCHED,100.0,Total Kenya Ltd,https://annualreport.cma.or.ke/company/7/company/44/,2022,https://annualreport.cma.or.ke/media/ENERGY%20AND%20PETROLEUM/Total%20Kenya%20Ltd/documents/2022-%20summary.pdf,2026-09-27,PDF has little/no extractable text; possible scanned report
KE9900006215,Kenya Pipeline Company,Energy,UNMATCHED,26.4,Williamson Tea Kenya Ltd,https://annualreport.cma.or.ke/company/1/company/7/,,,2026-09-27,No sufficiently strong CMA company match
KE1000001402,Safaricom Ltd Ord 0.05,Telecommunication,MATCHED,100.0,Safaricom Ltd,https://annualreport.cma.or.ke/company/13/company/64/,2023,https://annualreport.cma.or.ke/media/TELECOMMUNICATION%20AND%20TECHNOLOGY/Safaricom%20Ltd/documents/2023.pdf,2026-09-27,Sent to review queue (MEDIUM; 6 points)
KE0000000109,Car and General (K) Ltd Ord 5.00,Automobiles,MATCHED,100.0,Car and General,https://annualreport.cma.or.ke/company/3/company/8/,2025,https://annualreport.cma.or.ke/media/AUTOMOBILES%20AND%20ACCESSORIES/Car%20and%20General/documents/2025.pdf,2026-09-27,PDF has little/no extractable text; possible scanned report
KE3000009674,Nairobi Securities Exchange 4.00,Investment Services,MATCHED,100.0,Nairobi Securities Exchange,https://annualreport.cma.or.ke/company/10/company/52/,2022,https://annualreport.cma.or.ke/media/INVESTMENT%20SERVICES/Nairobi%20Securities%20Exchange/documents/2022.pdf,2026-09-27,Sent to review queue (MEDIUM; 6 points)
KE0000000331,Africa Mega Agri Corp PLc 5.00,Manufacturing,UNMATCHED,27.0,East African Breweries,https://annualreport.cma.or.ke/company/11/company/57/,,,2026-09-27,No sufficiently strong CMA company match
KE0000000042,B.O.C Kenya Ltd Ord 5.00,Manufacturing,UNMATCHED,43.5,B.O.C Kenya Ltd,https://annualreport.cma.or.ke/company/11/company/54/,,,2026-09-27,No sufficiently strong CMA company match
KE0000000075,British American Tobacco Kenya Ltd Ord 10.00,Manufacturing,MATCHED,100.0,British American Tobacco Kenya,https://annualreport.cma.or.ke/company/11/company/55/,2022,https://annualreport.cma.or.ke/media/MANUFACTURING%20AND%20ALLIED/British%20American%20Tobacco%20Kenya/documents/2022.pdf,2026-09-27,Sent to review queue (MEDIUM; 9 points)
KE0000000117,Carbacid Investments Ltd Ord 5.00,Manufacturing,MATCHED,100.0,Carbacid Investments,https://annualreport.cma.or.ke/company/11/company/56/,2022,https://annualreport.cma.or.ke/media/MANUFACTURING%20AND%20ALLIED/Carbacid%20Investments/documents/2022.pdf,2026-09-27,PDF has little/no extractable text; possible scanned report
KE0000000216,East African Breweries PLC Ord 2.00,Manufacturing,MATCHED,100.0,East African Breweries,https://annualreport.cma.or.ke/company/11/company/57/,2023,https://annualreport.cma.or.ke/media/MANUFACTURING%20AND%20ALLIED/East%20African%20Breweries/documents/2023.pdf,2026-09-27,Auto-accepted extraction (10 confidence points)
KE0000000372,Mumias Sugar Co. Ltd Ord 2.00,Manufacturing,MATCHED,100.0,Mumias Sugar Co.Ltd,https://annualreport.cma.or.ke/company/11/company/61/,2022,https://annualreport.cma.or.ke/media/MANUFACTURING%20AND%20ALLIED/Mumias%20Sugar%20Co.Ltd/documents/2022.pdf,2026-09-27,PDF has little/no extractable text; possible scanned report
KE0000000497,Unga Group Plc Ord 5.00,Manufacturing,MATCHED,100.0,Unga Group Ltd,https://annualreport.cma.or.ke/company/11/company/62/,2022,https://annualreport.cma.or.ke/media/MANUFACTURING%20AND%20ALLIED/Unga%20Group%20Ltd/documents/2022.PDF,2026-09-27,PDF has little/no extractable text; possible scanned report
KE4000001323,Flame Tree Group Holdings Ltd Ord 0.825,Manufacturing,MATCHED,100.0,Flame Tree Group Holdings Ltd,https://annualreport.cma.or.ke/company/11/company/59/,2021,https://annualreport.cma.or.ke/media/MANUFACTURING%20AND%20ALLIED/Flame%20Tree%20Group%20Holdings%20Ltd/documents/2021.pdf,2026-09-27,Sent to review queue (MEDIUM; 8 points)
KE9900001216,Shri Krishana Overseas,Manufacturing,UNMATCHED,27.6,Carbacid Investments,https://annualreport.cma.or.ke/company/11/company/56/,,,2026-09-27,No sufficiently strong CMA company match
